Section,Group,Items,Input / Output,** Insert rows when there is a structure change in Deal Baclground (Input) Tab.**
Input,Customer,Customer,,
Input,Current UPT file name,Current UPT file name,UPT_Expedia_10k_Migration_V0.2,
Input,1. Deal Context,Pricing Status,WIP,
Input,1. Deal Context,Next Pricing Due,24-Jun-22,
Input,1. Deal Context,Nature of Deal,RFP,
Input,1. Deal Context,Scope of Work,"AD, AM",
Input,2. Deal Specifics,Rebadge location(s),"Enter Rebadge locations like Teaneck, NJ / Manila, Philippines.",
Input,3. Contract,Existing MSA / New MSA?,New,
Input,3. Contract,Contracted rate card in place with client?,Yes,
Input,3. Contract,Net Payment days,Enter Payment terms in days,
Input,3. Contract,Payment days until Termination Right,Enter Payment days until Termination Right for non-payment,
Input,3. Contract,Warranty period,Enter Warranty period in days,
Input,3. Contract,Taxes  - In Contract?,Yes,
Input,3. Contract,Forex  - In Contract?,Yes,
Input,3. Contract,COLA  - In Contract?,Yes,
Input,3. Contract,Termination  - In Contract?,Yes,
Input,3. Contract,Transaction type,"T&M, Managed Capacity, Managed Services",
Input,4. Pricing Constructs/Assumptions,Key Drivers,Mention the Key Drivers.,
Input,4. Pricing Constructs/Assumptions,Minimum Revenue Commitment,Yes,
Input,5. SLA,Type of SLA,Performance SLA,
Input,5. SLA,Amount at risk,Enter SLA Amount at Risk percentage (%),
Input,5. SLA,Pool percentage,Enter Allocation Pool percentage (%),
Input,6. Financials,Financial Engineering,Yes,
Input,6. Financials,Rev with Tech Acctg Team,No,
Input,6. Financials,Revenue Recognition model,T&M,
Input,6. Financials,Contract Price Currency,Single,
Input,6. Financials,Billing Currency,Multiple,
Input,6. Financials,Billing Construct,Central - Central,
Input,6. Financials,Pass-through uplifted?,No,
Input,6. Financials,Asset Transfer Assumed,Yes - No Charge,
Input,6. Financials,Nature of 3rd party expense,"Hardware, Software",
Output,1. Deal Specifics,Record Date,5-Jul-22,
Output,1. Deal Specifics,WinZone ID #,Please enter WinZone ID in Master Tab,
Output,1. Deal Specifics,Contract Start Date,30-Jun-22,
Output,1. Deal Specifics,Deal Tenure (Steady State Months),5,
Output,1. Deal Specifics,Transition period (Months),0,
Output,1. Deal Specifics,Client Office / Cognizant Facility (Onsite),Client Location,
Output,1. Deal Specifics,Delivery Locations,"Offshore, US15",
Output,1. Deal Specifics,Is Brazil / Argentina a Delivery Location?,No,
Output,1. Deal Specifics,Offshore hours,160,
Output,1. Deal Specifics,Onshore hours (Average),160,
Output,1. Deal Specifics,Rebadge FTEs (PEAK),0,
Output,2. Financials,Deal TCV (In USD)," 9,49,336 ",
Output,2. Financials,Deal CP%,43.8%,
Output,2. Financials,2022 Revenue (In USD)," 7,67,961 ",
Output,2. Financials,2022 CP% ,43.0%,
Output,2. Financials,Price COLA,Yes,
Output,2. Financials,Avg. Rebagde C&B - Per Month (In USD),0,
Output,2. Financials,Effective Volume Discount,0.0%,
Output,2. Financials,T&E % of Gross Rev,3.0%,
Output,2. Financials,Buffer % of C&B,0.0%,
Output,2. Financials,Unbilled CP/DP/EP % of Gross Rev,0.0%,
Output,2. Financials,Sales Commision % of Gross Rev,0.0%,
Output,2. Financials,Any other contingencies (In USD), -   ,
Output,2. Financials,Peak UBR & Year (In USD),0 - In Year 2022,
Output,2. Financials,UBR Interest % - P.A,9.0%,
Output,2. Financials,SLA Risk Contingency % (Y 2020),0.0%,
Output,2. Financials,UPT Termination Charges (MAX) (In USD), -   ,
Output,3. Investments / One Time and Third Party Costs,Transformation Cost (In USD), -   ,
Output,3. Investments / One Time and Third Party Costs,Up-front Cash Investment (In USD), -   ,
Output,3. Investments / One Time and Third Party Costs,KT Cost (In USD), -   ,
Output,3. Investments / One Time and Third Party Costs,Innovation Fund Cost (In USD), -   ,
Output,3. Investments / One Time and Third Party Costs,Capex Requirement (In USD), -   ,
Output,3. Investments / One Time and Third Party Costs,Pass-through total value (In USD), -   ,
Output,3. Investments / One Time and Third Party Costs,3rd Party / Sub-Con Cost (In USD), -   ,
Output,3. Investments / One Time and Third Party Costs,Transformation Value (In USD), -   ,
Output,3. Investments / One Time and Third Party Costs,Up-front Cash Investment Value (In USD), -   ,
Output,3. Investments / One Time and Third Party Costs,KT Value (In USD), -   ,
Output,3. Investments / One Time and Third Party Costs,Innovation Fund Value (In USD), -   ,
Output,3. Investments / One Time and Third Party Costs,Capex Value (In USD), -   ,
Output,3. Investments / One Time and Third Party Costs,3rd Party / Sub-Con Value (In ), -   ,
Output,Username,Username,242658,
